State,Record_Count,Deforestation_total_ha,Deforestation_mean_ha,Deforestation_median_ha,CO2_total,Total_Precipitation_mean,Atmospheric_Pressure_Station_mean,Global_Radiation_mean,Air_Temperature_mean,Max_Air_Temperature_mean,Min_Air_Temperature_mean,Relative_Humidity_mean,Max_Relative_Humidity_mean,Min_Relative_Humidity_mean,Hourly_Wind_Speed_mean,Max_Wind_Gust_mean,Deforestation_mean_ha_z,Total_Precipitation_mean_z,Atmospheric_Pressure_Station_mean_z,Global_Radiation_mean_z,Air_Temperature_mean_z,Max_Air_Temperature_mean_z,Min_Air_Temperature_mean_z,Relative_Humidity_mean_z,Max_Relative_Humidity_mean_z,Min_Relative_Humidity_mean_z,Hourly_Wind_Speed_mean_z,Max_Wind_Gust_mean_z
AC,186,1132114.320000,6086.636129,3401.520000,8.5656254e+08,161.812366,987.553333,620.258978,26.928226,24.064731,22.839946,26.516613,24.861505,16.316398,3.666505,4.807312,-0.242379,0.260304,0.070740,-0.433987,0.681498,0.539043,0.791152,0.729246,0.595627,0.583161,-1.451590,-0.612283
AL,251,66527.880000,265.051315,127.650000,26012538.220000,123.597610,1004.896972,1688.667131,25.962231,23.764422,21.858247,25.416733,24.519960,16.866295,5.735219,6.463984,-0.642347,-0.517678,0.531477,0.686410,0.337331,0.405671,0.564296,0.337223,0.444999,0.684675,0.500947,0.718625
AM,276,4352145.000000,15768.641304,8046.120000,3.0762079e+09,170.576014,1004.254130,666.676196,27.931087,25.396993,23.590000,27.373442,25.990580,18.387717,3.766159,4.323225,0.422815,0.438716,0.514400,-0.385311,1.038800,1.130723,0.964479,1.034639,1.093572,0.965538,-1.357533,-1.001180
AP,121,174058.260000,1438.498017,768.500000,1.2087986e+08,251.838926,1009.967934,614.815950,27.811157,24.797107,24.102066,27.277851,25.411405,18.756860,5.707025,5.241322,-0.561726,2.093080,0.666188,-0.439695,0.996071,0.864304,1.082810,1.000568,0.838144,1.033684,0.474336,-0.263615
BA,276,3799421.000000,13766.018116,8560.595000,1.3907678e+09,137.517029,1008.840942,689.413659,26.029457,24.767935,22.436957,25.524457,25.410109,17.805326,5.571268,4.182899,0.285226,-0.234305,0.636249,-0.361467,0.361282,0.851348,0.698027,0.375619,0.837572,0.858025,0.346204,-1.113913
CE,251,313752.880000,1250.011474,670.160000,89458667.580000,114.064900,1009.269363,850.728446,27.278924,23.982829,23.469283,26.790717,24.694622,16.286932,6.440956,5.785458,-0.574676,-0.711747,0.647630,-0.192303,0.806446,0.502669,0.936583,0.826943,0.522028,0.577721,1.167051,0.173523
DF,240,3105.000000,12.937500,5.955000,2239258.000000,117.267083,887.504292,838.636667,21.426125,18.361250,14.925417,20.765750,18.921250,5.862917,5.173375,6.498750,-0.659668,-0.646556,-2.587079,-0.204983,-1.278803,-1.993969,-1.037782,-1.320493,-2.024144,-1.346613,-0.029344,0.746555
ES,207,285720.110000,1380.290386,743.040000,1.8264483e+08,123.989372,1015.953720,597.140918,24.373285,23.347826,18.171498,23.857923,23.927536,12.398551,5.087246,4.861353,-0.565725,-0.509703,0.825201,-0.458230,-0.228782,0.220653,-0.287659,-0.218372,0.183728,-0.140097,-0.110636,-0.568868
GO,260,1204001.390000,4630.774577,2870.605000,4.7966462e+08,112.346154,932.224654,662.065192,23.697269,20.480769,15.357692,22.971115,21.180769,6.892308,3.765000,5.815385,-0.342403,-0.746738,-1.399075,-0.390147,-0.469635,-1.052655,-0.937889,-0.534450,-1.027651,-1.156582,-1.358627,0.197565
MA,252,6038428.000000,23962.015873,13491.175000,2.7012558e+09,166.632143,1005.515040,3005.443016,26.898452,25.552063,23.139286,26.510437,26.094960,19.559325,5.589365,4.595516,0.985734,0.358426,0.547896,2.067261,0.670890,1.199592,0.860325,0.727044,1.139606,1.181824,0.363284,-0.782431
MG,207,2235220.350000,10798.165942,5874.510000,1.3916582e+09,138.992271,919.180483,223.933623,21.968164,19.279227,14.929952,21.300531,20.133816,6.050725,5.215314,5.780193,0.081322,-0.204271,-1.745596,-0.849598,-1.085684,-1.586280,-1.036734,-1.129884,-1.489378,-1.311943,0.010239,0.169294
MS,268,1744760.560000,6510.300597,3708.875000,8.9139142e+08,116.265299,952.810410,630.899328,23.831978,21.666306,14.331978,23.225858,22.316045,7.082799,6.202500,8.575037,-0.213272,-0.666951,-0.852211,-0.422829,-0.421640,-0.526138,-1.174917,-0.443654,-0.526971,-1.121416,0.941986,2.414566
MT,253,11772123.600000,46530.132806,25873.320000,6.1474294e+09,118.824111,989.549526,832.751462,26.884427,22.857036,18.745771,26.248893,23.507787,10.706206,4.687273,5.208735,2.536257,-0.614858,0.123769,-0.211155,0.665893,0.002685,-0.154953,0.633824,-0.001390,-0.452514,-0.488148,-0.289794
PA,252,15567014.000000,61773.865079,35949.600000,9.8266901e+09,290.423016,1008.803056,2468.396190,26.952540,25.863889,22.802421,26.403611,26.604841,19.208373,3.745952,3.920556,3.583565,2.878581,0.635242,1.504081,0.690161,1.338079,0.782481,0.688969,1.364473,1.117036,-1.376605,-1.324669
PB,198,85601.240000,432.329495,246.990000,28162487.080000,144.838384,1009.125505,701.105808,26.736566,24.132222,22.662374,26.237828,24.797778,17.757525,6.065101,4.327879,-0.630854,-0.085255,0.643808,-0.349206,0.613213,0.569017,0.750118,0.629880,0.567522,0.849201,0.812304,-0.997441
PE,229,156912.420000,685.207074,383.250000,50206884.960000,165.468559,1012.401310,728.479127,25.679738,24.374934,21.107074,25.141135,25.023188,17.360131,4.840568,3.526900,-0.613480,0.334737,0.730831,-0.320501,0.236684,0.676810,0.390711,0.238994,0.666932,0.775840,-0.343462,-1.640917
PR,252,1288798.000000,5114.277778,3283.965000,6.7943522e+08,101.813492,913.061825,543.331190,18.297103,17.965278,11.303929,17.818611,18.714603,5.306667,5.144167,6.243690,-0.309185,-0.961163,-1.908139,-0.514658,-2.393618,-2.169827,-1.874656,-2.370920,-2.115279,-1.449300,-0.056912,0.541650
RN,251,102479.680000,408.285578,215.100000,28197574.420000,111.914343,1007.168805,4556.923865,26.615896,24.218725,22.999920,26.193705,24.888247,18.499920,8.562510,7.820558,-0.632506,-0.755528,0.591828,3.694237,0.570221,0.607434,0.828120,0.614154,0.607421,0.986252,3.169462,1.808446
RO,198,2978739.480000,15044.138788,7942.050000,1.9760102e+09,162.627778,996.520505,585.037020,26.340707,24.688636,21.599293,25.751313,25.286566,17.413232,4.024596,4.420606,0.373038,0.276904,0.308955,-0.470923,0.472176,0.816130,0.504455,0.456475,0.783087,0.785643,-1.113610,-0.922947
RR,161,875933.800000,5440.582609,2629.360000,5.5274996e+08,110.273913,1001.727081,707.814099,28.175652,23.350807,23.559565,27.470373,24.157019,16.212857,5.310870,4.777640,-0.286766,-0.788925,0.447268,-0.342172,1.125934,0.221978,0.957446,1.069187,0.284935,0.564046,0.100429,-0.636120
RS,276,834797.000000,3024.626812,1727.140000,4.0678477e+08,123.192391,1009.830761,138.954130,19.963007,21.431884,10.773188,19.474130,21.915942,4.931884,4.793442,5.403623,-0.452752,-0.525928,0.662544,-0.938712,-1.800086,-0.630249,-1.997302,-1.780855,-0.703425,-1.518487,-0.387941,-0.133229
SC,252,924245.000000,3667.638889,2265.820000,5.4638012e+08,146.083294,1016.320873,534.470278,21.126349,21.380714,13.654405,20.681349,21.821587,6.989365,5.155437,7.094167,-0.408575,-0.059911,0.834954,-0.523950,-1.385608,-0.652974,-1.331495,-1.350575,-0.745037,-1.138664,-0.046275,1.224890
SE,239,107691.680000,450.592803,224.720000,38334513.500000,114.084059,1013.891632,1156.581464,26.717448,23.653054,23.011255,26.225858,24.608619,16.602594,6.309623,5.908033,-0.629599,-0.711357,0.770421,0.128433,0.606402,0.356211,0.830739,0.625614,0.484100,0.635994,1.043094,0.271996
SP,210,695464.040000,3311.733524,1972.560000,5.5427625e+08,133.704286,926.991190,560.437667,20.384095,19.041905,13.190952,19.880381,19.491429,4.295714,5.270810,6.273333,-0.433027,-0.311925,-1.538103,-0.496719,-1.650060,-1.691678,-1.438592,-1.636058,-1.772683,-1.635928,0.062618,0.565464
TO,229,1971678.300000,8609.948908,4756.560000,8.4569729e+08,267.506987,978.897686,1249.739520,27.375677,22.854192,20.845371,26.706376,23.493275,11.385590,4.281354,7.380393,-0.069017,2.412053,-0.159199,0.226124,0.840917,0.001422,0.330235,0.796881,-0.007789,-0.327096,-0.871271,1.454834
