Rok,Stan,Total_Precipitation,Atmospheric_Pressure_Station,Global_Radiation,Air_Temperature,Max_Air_Temperature,Min_Air_Temperature,Relative_Humidity,Max_Relative_Humidity,Min_Relative_Humidity,Hourly_Wind_Speed,Max_Wind_Gust
2003,SE,-208569.4,984.2932076446281,-8746.314824380166,-0.8070893595041323,25.0,-9999.0,-2.5325929752066116,25.4,-9999.0,-21.65989152892562,8.1
2004,SE,-388642.4,965.0099385245902,-8695.456397996357,-18.25299408014572,25.0,-9999.0,-18.674965846994535,25.7,-9999.0,-37.63948087431694,8.4
2006,SE,-45915099.0,-4759.814805936074,-3825.120776255708,-5228.589566210046,25.8,-9999.0,-5228.756598173516,26.0,-9999.0,-5237.919794520548,8.1
2007,SE,-48034775.4,-5025.150376712329,-7100.500570776256,-5471.370114155251,25.7,-9999.0,-5472.705388127854,26.3,-9999.0,-5491.7373972602745,9.0
2008,SE,-21646957.8,-1700.4481898907104,-5203.830601092896,-2445.934801912568,30.3,-9999.0,-2446.3042122040074,30.3,-9999.0,-2459.37098132969,7.9
2009,SE,-9218567.0,-145.8574885844749,-4169.362557077626,-1028.497077625571,29.9,-9999.0,-1028.8893264840183,30.4,-9999.0,-1046.4720091324202,8.7
2010,SE,-11327338.2,-410.74573059360733,-3828.105707762557,-1275.6208447488584,30.1,-9999.0,-1284.032899543379,30.5,-9999.0,-5022.4310045662105,10.8
2011,SE,-88582.6,1002.0108447488584,733.267808219178,16.2288698630137,24.7,-9999.0,15.769566210045662,27.3,-9999.0,-3.4210159817351595,8.4
2012,SE,-38971.4,1009.3214936247723,774.8466530054645,21.919729052823314,27.8,-9999.0,21.474681238615666,28.1,-9999.0,2.5516621129326045,8.7
2013,SE,-14827583.6,988.7634931506849,-2826.0962328767123,3.8428310502283103,30.1,-9999.0,-0.04452054794520562,31.1,-9999.0,-19.335011415525116,8.2
2014,SE,-8653.800000000001,1014.4840068493152,-3808.911301369863,26.66761415525114,29.5,20.6,26.140536529680364,30.5,-9999.0,6.836735159817352,8.2
2015,SE,-8479.8,1014.5575456621004,-3797.242694063927,25.69767123287671,27.1,19.4,26.36711187214612,28.9,-9999.0,5.6843150684931505,8.5
2016,SE,-21597096.6,1014.5570582877959,-3799.768897996357,26.98765938069217,24.3,20.7,26.56080373406193,24.6,11.6,-4426.638695355191,8.7
2017,SE,-30286352.0,887.4640867579909,-3814.241780821918,-88.9971118721461,23.4,-9999.0,-91.74551369863013,24.7,-9999.0,-4444.014121004567,6.6
2018,SE,-13568103.4,1014.1384817351598,-3786.6254566210046,26.793812785388127,23.7,-9999.0,25.16383561643836,24.6,-9999.0,5.166803652968036,6.9
2019,SE,1451.2,1014.1865068493152,1150.4092766653046,27.068789954337902,28.0,20.4,26.544651215892227,29.2,12.7,6.001632606461925,7.0
2020,SE,1426.2,1013.8909380692168,,26.835860655737708,23.7,19.8,26.324419398907104,24.5,9.2,5.934392076502732,7.0
2021,SE,1148.6,1013.9441745166088,,26.86026990219141,34.7,19.9,26.231385415376995,35.1,-9.2,5.9686787307883,6.5
2022,SE,259.4,1013.0550680786687,,26.067851739788196,29.0,21.2,25.6910363086233,29.2,13.1,6.313956127080181,6.0
2023,SE,1511.6,1014.1173179160022,,26.40655236576289,30.0,20.8,25.967769803296118,30.6,-9.8,5.654053694843168,6.5
2003,PA,-20775117.8,-1666.0284474445516,375.4868611378978,-2409.6933100289293,26.1,-9999.0,-2411.286354869817,27.4,-9999.0,-2428.011692381871,5.1
2004,PA,-37883442.4,-3739.298030510018,-313.57103825136613,-4297.9597108378875,26.0,-9999.0,-4298.262647996357,26.9,-9999.0,-4310.906193078325,5.1
2005,PA,-22145111.4,-1789.9852397260272,183.91541095890412,-2547.069760273973,43.4,-9999.0,-2511.958835616438,43.7,-9999.0,-2531.108025114155,5.7
2006,PA,-30764939.8,-2857.8750456621,-1551.511187214612,-3547.1278424657535,43.5,-9999.0,-3494.8082305936073,44.4,-9999.0,-3509.7185730593606,5.9
2007,PA,-28324839.0,-2551.0211643835614,-1311.9083333333333,-3215.824714611872,26.0,-9999.0,-3223.04901826484,27.0,-9999.0,-3238.196792237443,4.4
2008,PA,-16755701.4,-1092.0473360655737,-4735.033356102003,-1886.0182832422586,26.5,-9999.0,-1904.7477459016393,26.6,-9999.0,-1932.894250910747,6.4
2009,PA,-4926290.2,389.0779109589041,-4116.754337899543,-537.4883333333333,26.2,-9999.0,-546.0073858447489,26.9,-9999.0,-569.2005136986302,5.6
2010,PA,-127165.2,991.7318721461187,-4099.114155251142,12.27554794520548,26.0,-9999.0,11.73587899543379,27.1,-9999.0,-11.057043378995434,5.6
2011,PA,-856712.0,901.412111872146,-4092.401712328767,-70.6009703196347,27.3,-9999.0,-74.56384703196348,28.1,-9999.0,-97.89367579908675,5.8
2012,PA,-2186711.4,734.2946152094718,-4217.403916211293,-225.69757513661202,26.1,-9999.0,-228.5155737704918,26.3,-9999.0,-250.23554189435336,5.7
2013,PA,-256963.0,976.0173515981735,-4110.415182648402,-2.9873515981735155,26.3,-9999.0,-4.6828310502283115,27.0,-9999.0,-27.220342465753426,5.9
2014,PA,-3156622.6,612.028299086758,-4144.243493150685,-334.92966894977167,26.1,-9999.0,-343.4784589041096,27.0,-9999.0,-370.9289840182648,6.4
2015,PA,-1987045.0,759.244006849315,-4179.790182648402,-200.80650684931507,26.9,-9999.0,-205.9404908675799,27.2,-9999.0,-229.27405251141553,4.2
2016,PA,-17182.2,1006.6612591074681,-4087.994193989071,24.83657786885246,27.1,-9999.0,24.289355646630238,27.7,-9999.0,1.304872495446266,6.2
2017,PA,-786646.0,917.152203196347,-4435.823515981735,-56.66703196347032,26.2,-9999.0,-58.342123287671235,27.0,-9999.0,-82.20642694063928,7.2
2018,PA,-475779.2,951.307705479452,-2777.9253424657536,-26.051438356164383,25.7,-9999.0,-30.021826484018266,26.7,-9999.0,-107.44793378995433,6.3
2019,PA,4268.0,1009.1661369612438,616.1138676117527,26.809902801600916,27.4,21.5,26.235174385363067,27.6,18.5,3.199302618040471,5.5
2020,PA,4080.6,1008.8847771836007,,26.958148104124568,26.8,2.0,26.410143893447497,27.4,3.9,3.6362771900629975,5.3
2021,PA,4300.2,1008.6406572988037,,26.820137034026246,27.9,22.1,26.232853327139704,28.6,18.2,3.545627685518523,7.2
2022,PA,3721.4,1008.5465278599315,,26.875774781168676,27.8,21.8,26.29924278277331,29.0,11.6,4.094453531598513,6.0
2023,PA,2631.2,1008.866219081272,,27.53384778510839,28.2,21.8,26.943818503241012,28.6,19.1,4.115258630847178,5.4
2006,MG,-289069.4,757.2856350806452,,-124.46507056451614,21.5,-9999.0,-130.06345766129033,22.8,-9999.0,-145.76466733870967,6.6
2007,MG,-3308272.8,506.72054794520545,,-356.8140296803653,22.5,-9999.0,-360.8693378995434,23.3,-9999.0,-375.89260273972604,10.1
2008,MG,-1837230.0,689.8309653916211,,-188.3730305100182,22.1,-9999.0,-189.00253870673953,23.0,-9999.0,-204.40676229508196,9.2
2009,MG,-247579.0,888.5339269406393,,-5.509520547945206,22.6,-9999.0,-6.165787671232877,23.6,-9999.0,-22.432979452054795,7.3
2010,MG,-318322.4,892.6578767123287,,-2.2682990867579904,22.2,-9999.0,-5.217294520547945,23.5,-9999.0,-23.274178082191778,7.4
2011,MG,-98002.4,906.1289269406393,,10.064006849315069,21.7,-9999.0,8.28837899543379,22.8,-9999.0,-7.192534246575343,8.9
2012,MG,-718438.2,829.9163706739527,,-60.32255236794172,22.0,-9999.0,-62.12832422586521,22.7,-9999.0,-81.09608378870674,8.2
2013,MG,-198152.6,894.1874429223744,,-1.2514840182648401,21.5,-9999.0,-3.0295433789954336,22.3,-9999.0,-18.722351598173514,6.6
2014,MG,-18877.8,917.3106621004566,,19.826780821917808,21.0,-9999.0,19.1522602739726,22.4,-9999.0,2.1171803652968038,8.1
2015,MG,-28745.2,915.9282762557078,,19.2987100456621,21.9,-9999.0,18.636187214611873,23.0,-9999.0,0.7704223744292237,7.9
2016,MG,-238520.6,889.7213342440801,,-4.974738160291439,22.0,-9999.0,-6.780009107468124,23.4,-9999.0,-23.201183970856103,10.2
2017,MG,-38803.0,916.1741095890411,,-6.808915525114155,21.5,-9999.0,-9.748253424657534,22.5,-9999.0,-1.2405022831050228,6.6
2018,MG,-8312.4,918.1207876712328,,20.699132420091324,22.4,-9999.0,18.900136986301373,22.7,-9999.0,2.823356164383562,7.4
2019,MG,1070.4,919.6754794520548,,22.604760273972605,22.4,8.0,21.893491664763648,23.2,0.1,5.190477277917332,8.2
2020,MG,2076.8,919.4605750431283,1330.4544240400667,21.804416331224843,22.8,9.2,21.116651323360184,23.5,-1.8,4.893383199079402,7.8
2021,MG,1664.4,919.0068721461188,1395.9403797468356,21.6663698630137,22.4,8.5,20.958059360730594,23.3,-9.8,4.937808219178081,5.4
2022,MG,1691.6,919.0331695612431,1347.1536569987388,21.453164990859232,21.9,7.2,20.763172934049607,24.6,-2.1,4.829557663732999,5.5
2023,MG,1211.4,919.2781392694064,1397.969966230477,22.561632420091325,22.7,9.6,21.84478310502283,23.7,0.8,4.733835616438356,7.1
2010,RR,-299523.0,892.3224543080939,-3993.8834856396866,-70.25669060052219,25.4,-9999.0,-70.89122062663186,26.2,-9999.0,-103.53332245430809,5.0
2011,RR,-87880.6,989.8331050228311,-3908.0096803652964,16.896084474885846,25.3,-9999.0,16.28184931506849,25.9,-9999.0,-10.292054794520547,7.3
2012,RR,-39186.4,996.6255806010929,-3911.594433060109,22.852140255009108,25.0,-9999.0,22.203426684881602,25.8,-9999.0,-15.675295992714027,6.7
2013,RR,-7577687.6,984.1871232876712,-3875.69352739726,11.422853881278538,25.2,-9999.0,10.791929223744292,26.4,-9999.0,-17.857408675799086,5.9
2014,RR,-37315670.0,114.01566210045661,-4281.309520547945,-781.371198630137,24.3,-9999.0,-796.8576712328768,25.7,-9999.0,-828.4562557077626,6.2
2015,RR,-58614111.4,990.7290525114155,-3896.7629452054794,17.923881278538815,25.2,-9999.0,17.294383561643834,26.0,-9999.0,-11.755296803652968,6.6
2016,RR,-11097360.2,-387.95056921675774,-4638.406511839708,-1239.095298269581,25.5,-9999.0,-1241.8919398907105,25.8,-9999.0,-1264.7900159380692,6.8
2017,RR,-4858291.4,391.4457305936073,-3973.751164383562,-528.3725456621005,24.7,-9999.0,-540.3901141552512,25.8,-9999.0,-593.3866666666667,6.1
2018,RR,-13646824.4,-712.0681506849315,-4848.820410958904,-1534.9172488584475,24.9,-9999.0,-1535.4159703196347,27.1,-9999.0,-1557.2375456621005,5.4
2019,RR,2109.4,1002.0476712328766,1399.4014348530432,27.560262060750446,26.2,21.3,26.976748064324003,26.8,11.3,5.053432835820895,6.3
2020,RR,1276.0,1002.3155488822156,,27.44503255969277,25.3,21.1,26.836252716028746,26.1,12.0,4.901673080140538,6.1
2021,RR,23.8,1001.1373056994819,,28.822279792746112,23.0,22.6,27.758115183246073,23.5,16.6,6.254255319148936,4.6
2022,RR,50.6,1001.8723515368547,,26.700564384375465,23.3,21.0,26.11224550453262,24.2,12.0,4.376885360728462,6.0
2023,RR,1636.8,1002.2128046899106,,27.447340916077465,25.1,21.6,26.84511220411927,25.7,10.9,5.134787991333952,6.1
2000,DF,-4988845.0,-60.88248952513967,-4477.508554469274,-851.9694657821228,19.6,-9999.0,-948.7072974860336,20.1,-9999.0,-1000.8322800279329,7.8
2001,DF,-7708146.0,-94.16239726027398,-4464.939726027397,-859.6700913242009,20.3,-9999.0,-900.2361757990868,20.7,-9999.0,-914.2815981735159,7.9
2002,DF,-7027993.0,1.5791438356164396,-4374.134246575342,-773.3526369863014,20.3,-9999.0,-832.239303652968,21.3,-9999.0,-857.1065525114155,8.1
2003,DF,-5168492.0,234.29011415525113,-4224.257420091324,-570.075,20.1,-9999.0,-610.650296803653,20.8,-9999.0,-625.2853881278539,10.0
2004,DF,-9917761.2,-346.03605418943533,-7475.954804189435,-1096.8480418943532,20.1,-9999.0,-1225.1366917122039,21.3,-9999.0,-1254.3224499089254,9.3
2005,DF,-2078154.2,628.7339726027396,-4592.992123287671,-217.800901826484,20.6,-9999.0,-219.54165525114155,21.4,-9999.0,-234.5378082191781,8.6
2007,DF,-2378662.4,592.7749086757991,-4042.264611872146,-249.4553424657534,20.4,-9999.0,-250.07234018264842,20.8,-9999.0,-269.6834589041096,8.3
2008,DF,-808344.2,786.4868510928961,-3178.6317167577413,-71.2148679417122,20.2,-9999.0,-71.85007969034608,20.6,-9999.0,-87.2397654826958,8.0
2009,DF,-1188193.0,741.5852739726027,-4018.2868721461186,-113.6748401826484,20.4,-9999.0,-118.84737442922375,20.9,-9999.0,-136.77094748858448,9.0
2010,DF,-2748412.6,544.8989611872147,-4039.689497716895,-292.9576484018265,21.6,-9999.0,-302.74226027397265,21.7,-9999.0,-883.2188127853881,7.3
2011,DF,-88534.0,875.2928538812786,-3893.97100456621,10.762773972602739,19.9,-9999.0,10.098675799086758,20.8,-9999.0,-29.96271689497717,8.0
2012,DF,-318660.6,878.4178278688524,-3889.6357012750454,12.158435792349726,20.7,-9999.0,11.496357012750455,21.6,-9999.0,-10.588991347905282,7.4
2013,DF,-208383.6,862.0996575342466,-3856.422260273973,-1.6175114155251142,20.5,-9999.0,-2.265799086757991,21.3,-9999.0,-46.08721461187215,10.4
2014,DF,1474.8,887.4526940639269,-3836.3752283105023,21.37123287671233,20.9,11.6,20.685901826484017,21.7,-3.5,-1.820057077625571,8.4
2016,DF,-8858.199999999999,886.5571948998179,-3831.5260701275047,20.903984517304192,22.1,-9999.0,19.059562841530056,22.6,-9999.0,2.99474043715847,7.7
2017,DF,1292.0,887.7061757990867,-3839.8232876712327,21.474417808219176,20.0,10.4,20.803721461187216,21.2,-3.4,5.407191780821917,9.1
2018,DF,-478250.0,827.9282191780823,-3876.225913242009,-33.654737442922375,20.8,-9999.0,-36.61973744292238,21.4,-9999.0,-52.08318493150685,7.1
2020,DF,1576.6,887.6716416211293,,21.34896402550091,21.0,9.4,20.68283242258652,21.9,-2.9,5.136111111111111,7.1
2021,DF,2023.2,887.2117237442923,,21.223461582372416,20.8,8.6,20.518328194587188,21.2,-6.8,4.857627312171728,7.0
2022,DF,1356.4,887.1583675799086,,21.246632420091323,20.1,6.0,20.525125570776257,21.3,-3.4,5.208481735159817,8.1
2023,DF,996.0,887.6189491719018,,21.955476870359796,21.5,10.7,21.207453984223164,22.3,-1.4,4.790796844632445,7.7
2001,MS,-669161.0,691.6347633136095,-3665.737426035503,-213.30510355029585,23.3,-9999.0,-217.60099852071005,24.1,-9999.0,-245.64792899408283,10.8
2002,MS,-9588116.4,-240.18812785388127,-4531.15993150685,-1064.793093607306,24.0,-9999.0,-1066.5242579908677,24.1,-9999.0,-6618.310707762556,11.0
2003,MS,-24906315.2,-2160.732488584475,-5691.00605022831,-2824.7481050228307,23.7,-9999.0,-2830.9211529680365,24.2,-9999.0,-9039.59651826484,9.9
2004,MS,-958644.6,825.575956284153,-3864.700364298725,-86.20656876138433,23.4,-9999.0,-86.84484289617487,24.0,-9999.0,-102.91547131147541,12.9
2005,MS,-8307787.4,-102.57065068493151,-4386.363584474886,-922.7309817351598,23.8,-9999.0,-925.5839840182649,24.1,-9999.0,-942.6654109589041,12.6
2006,MS,-3498389.4,566.4115296803653,-4120.633447488584,-329.8849885844749,24.1,-9999.0,-330.5190410958904,24.6,-9999.0,-394.5925114155251,11.7
2007,MS,-10917505.4,-412.8987899543379,-4577.1482876712325,-1225.1799771689498,24.2,-9999.0,-1226.9189840182648,25.1,-9999.0,-1245.2794292237443,12.5
2008,MS,-78692.0,942.5359972677596,-3876.0178734061933,14.294137067395264,23.6,-9999.0,13.619649362477231,24.2,-9999.0,-3.9882969034608378,11.1
2009,MS,-168278.2,931.153002283105,-3860.0,4.00763698630137,23.8,-9999.0,3.3840867579908673,24.6,-9999.0,-13.167945205479452,11.5
2010,MS,-5318265.4,287.72165525114156,-4088.3720319634704,-586.3203310502282,23.9,-9999.0,-594.9596461187215,24.9,-9999.0,-609.0060159817352,12.1
2011,MS,-32146034.8,-3066.8415068493155,-6102.7349315068495,-3654.7156392694064,23.5,-9999.0,-3655.175593607306,24.4,-9999.0,-3667.782751141552,12.6
2012,MS,-38336.4,947.8308173952641,-3787.0870901639346,20.574533242258653,25.4,-9999.0,19.84730191256831,28.7,-9999.0,0.5139116575591985,11.2
2013,MS,-148244.0,934.169897260274,-3895.381621004566,6.3119292237442925,23.7,-9999.0,4.470319634703197,24.6,-9999.0,-12.002808219178084,11.8
2014,MS,1523.8,953.2177853881278,-3895.9002283105024,23.858390410958904,23.7,8.2,23.16988584474886,24.4,1.6,6.292066210045662,12.5
2015,MS,-8486.0,951.9246118721461,-3904.842694063927,23.149212328767124,23.9,-9999.0,22.475547945205477,24.5,-9999.0,5.017705479452054,10.1
2016,MS,-58403.4,946.1063410746812,-3859.6762295081967,16.677777777777777,31.0,-9999.0,16.004360200364296,31.1,-9999.0,-0.6251024590163932,12.1
2017,MS,-198285.8,-5432.617294520548,-3899.7328767123286,1.139908675799087,24.9,-9999.0,0.4612671232876711,25.3,-9999.0,-18.8212899543379,12.2
2018,MS,-1908663.2,714.5638584474887,-3770.836187214612,-194.81702054794522,24.9,-9999.0,-212.63389269406392,25.2,-9999.0,-251.1198173515982,11.2
2019,MS,1255.2,953.386749742769,1373.6343570057581,24.583114210586487,24.3,6.7,23.868229107122442,25.5,-8.6,5.971990396707443,10.3
2020,MS,1181.4,952.9922603442379,,24.634959534936737,24.0,6.4,23.901538812264906,24.7,-2.1,6.02791519434629,13.2
2021,MS,1348.6,952.913140029916,,24.459544356230584,27.4,7.8,23.783005407893224,27.6,-9.5,4.416338741226556,10.0
2022,MS,1222.2,952.6476142388286,,24.30982075233527,26.3,7.3,23.782123469258934,26.9,-2.0,5.194657741854004,12.5
2023,MS,1503.4,952.7360054813292,,24.54709375356857,23.2,6.9,23.858261961859082,26.7,-0.8,6.0040452519712035,9.2
2002,MT,-5079492.0,-2720.7873239436617,-4435.917253521126,-5603.156866197183,24.5,-9999.0,-5621.091901408451,25.1,-9999.0,-8889.25264084507,15.0
2003,MT,-5468585.2,307.9622716894977,-8603.067123287672,-226.84327625570776,24.9,-9999.0,-227.4625114155251,25.7,-9999.0,-620.2982191780823,9.5
2004,MT,-688947.4,907.3950136612021,-8464.88900273224,-52.546004098360655,25.0,-9999.0,-53.180418943533695,26.2,-9999.0,-74.26926229508196,9.4
2005,MT,-4208465.6,465.17851598173513,-6239.575,-455.32277397260276,25.1,-9999.0,-455.9545776255708,26.2,-9999.0,-476.29987442922373,8.6
2006,MT,-15577327.4,-908.4847602739726,129.99634703196347,-1708.6030365296804,25.4,-9999.0,-1710.3062328767123,25.9,-9999.0,-1853.6670547945205,10.6
2007,MT,-11887242.8,-498.15317351598173,-4621.6956621004565,-1334.5048401826484,25.6,-9999.0,-1338.4903424657534,26.5,-9999.0,-1377.4297831050228,9.5
2008,MT,-16427468.8,-1062.7718920765028,-6164.346425318761,-2354.0948087431693,25.0,-9999.0,-2363.724772313297,25.7,-9999.0,-2853.9575591985426,7.9
2009,MT,-7727881.6,24.062808219178084,-9986.124657534247,-858.320993150685,25.7,-9999.0,-869.2340410958905,26.3,-9999.0,-8544.217089041096,6.9
2010,MT,-26986244.6,-2296.2686301369863,-8298.28310502283,-2974.265502283105,25.9,-9999.0,-2975.9207534246575,26.3,-9999.0,-7428.518904109589,6.8
2011,MT,-42665312.2,-4498.643447488585,-7023.313470319635,-4856.835308219178,24.1,-9999.0,-4862.879851598173,25.9,-9999.0,-4873.906780821918,7.4
2012,MT,-58498.2,913.1506944444444,-4147.30737704918,21.982616120218577,24.8,-9999.0,20.25900500910747,25.6,-9999.0,-8.009005009107467,8.4
2013,MT,-218713.8,959.5565182648402,-4208.905707762557,3.4307648401826483,25.2,-9999.0,2.8614041095890412,25.8,-9999.0,-18.277351598173517,6.8
2014,MT,-6307667.4,-3651.474223744292,-4436.938584474886,-695.5049771689497,24.4,-9999.0,-723.524805936073,25.6,-9999.0,-753.7302853881279,6.8
2015,MT,-9318151.8,-340.4822831050228,-4239.562557077626,24.964851598173517,24.7,-9999.0,22.051118721461187,25.9,-9999.0,-1.2853881278538815,7.2
2016,MT,-9857546.2,-247.68805783242257,-4829.757741347906,-1099.1613729508197,25.6,-9999.0,-1108.8202982695811,26.2,-9999.0,-1129.814993169399,6.3
2017,MT,-10167999.4,-290.31520547945206,-5149.651712328767,-1403.8893949771689,24.9,-9999.0,-1428.4620662100456,26.1,-9999.0,-1191.3481392694064,7.0
2018,MT,-5997983.8,232.72631278538813,-4688.007534246575,-660.5404680365297,24.8,-9999.0,-661.112100456621,25.7,-9999.0,-684.3919748858448,4.9
2019,MT,1081.8,986.4683076923077,1006.037134502924,27.365117408906883,25.9,11.5,26.778251012145752,27.0,1.6,4.361882391057833,7.3
2020,MT,977.8,990.8064229825997,,28.58174705126708,25.1,11.8,27.92102067032582,25.2,-0.8,4.251103585192105,8.0
2021,MT,1114.2,990.989269871718,,27.779187147824004,24.0,8.5,27.13489989209927,25.7,-4.7,4.219829756623906,8.4
2022,MT,819.2,990.9639495456395,,27.39024820290248,24.8,10.6,26.710500544069642,25.3,0.5,4.212754728045741,5.6
2023,MT,1012.8,990.9237603051557,,28.59945859480743,24.3,10.2,27.9351434552395,24.9,2.9,4.448413192283758,8.6
2003,PR,-61693625.0,-7394.649925962488,-8655.569225074038,-7608.685463968411,19.0,-9999.0,-7610.038622902271,19.0,-9999.0,-7612.922013820335,8.0
2004,PR,-87831216.0,-9999.0,-9999.0,-9999.0,-9999.0,-9999.0,-9999.0,-9999.0,-9999.0,-9999.0,-9999.0
2005,PR,-45164553.0,-4713.075799086758,-7214.953652968036,-5148.084817351598,20.0,-9999.0,-5150.601598173516,20.0,-9999.0,-9949.8950913242,4.0
2006,PR,-22537088.0,-1841.007420091324,-5564.148515981735,-2510.883105022831,21.0,-9999.0,-2512.4070776255708,22.0,-9999.0,-2572.3606164383564,9.0
2007,PR,-8517963.0,-148.51301369863015,-4483.974543378996,-955.6843607305937,21.0,-9999.0,-957.2948630136987,21.0,-9999.0,-971.1278538812785,10.0
2008,PR,-9267793.0,-238.99237249544626,-4616.413023679417,-1039.7069672131147,20.0,-9999.0,-1076.6503870673953,21.0,-9999.0,-1105.0343806921676,9.0
2009,PR,-26936590.0,-2443.6092465753422,-4940.014611872146,-3061.709703196347,22.0,-9999.0,-3112.4698630136986,22.0,-9999.0,-3164.9276255707764,9.0
2010,PR,-22056803.0,-1835.769406392694,-4704.88299086758,-2503.9986301369863,23.0,-9999.0,-2512.463584474886,24.0,-9999.0,-2539.0357305936072,8.0
2011,PR,-538327.0,845.0270547945205,-4116.7675799086755,-44.49029680365297,24.0,-9999.0,-48.42876712328767,24.0,-9999.0,-61.07842465753425,10.0
2012,PR,-2148552.0,645.724043715847,-4041.311703096539,-226.89515027322403,20.0,-9999.0,-228.57081056466302,21.0,-9999.0,-241.99203096539162,9.0
2013,PR,-2118455.0,648.6102739726027,-4122.272945205479,-224.71986301369864,21.0,-9999.0,-225.21335616438355,22.0,-9999.0,-237.1222602739726,8.0
2014,PR,-19916847.0,-1568.4994292237443,-5289.462100456621,-2258.8527397260273,22.0,-9999.0,-2259.25,22.0,-9999.0,-2271.0021689497717,8.0
2015,PR,-368172.0,866.8867579908676,-4026.2874429223743,-23.728196347031965,21.0,-9999.0,-24.215182648401825,22.0,-9999.0,-37.15970319634703,9.0
2016,PR,-2838033.0,560.2110655737705,-4094.2806238615667,-305.83094262295083,22.0,-9999.0,-306.3219489981785,23.0,-9999.0,-318.23861566484516,9.0
2017,PR,-1078561.0,778.7872146118722,-4090.707077625571,-105.14280821917808,22.0,-9999.0,-105.65696347031964,22.0,-9999.0,-118.12157534246575,9.0
2018,PR,-1578415.0,716.1727168949772,-4090.020662100457,-162.3033105022831,22.0,-9999.0,-162.82123287671232,24.0,-9999.0,-175.34006849315068,8.0
2019,PR,1394.0,913.2777454291371,1177.059488272921,18.910911843484335,24.0,6.0,18.377314545242807,24.0,-6.0,5.068824967974845,9.0
2020,PR,1183.0,912.9856392294221,,18.403269118505545,22.0,7.0,17.822300058377117,23.0,-3.0,5.242265032107414,9.0
2021,PR,1177.0,912.6723419454697,,18.190735365263667,22.0,7.0,17.64252901353965,23.0,-5.0,5.0910931174089065,8.0
2022,PR,1729.0,912.4579417013682,,17.9051754907793,22.0,7.0,17.38707758210376,23.0,-6.0,4.904189478695549,8.0
2023,PR,1450.0,912.8387059636196,,18.632396960626295,22.0,4.0,18.106875503858113,23.0,-4.0,5.066804883667357,10.0
2003,SC,-16227565.2,-1150.7895974781766,-5315.560378273521,-1950.2867604267701,23.2,-9999.0,-1950.6269762366635,24.0,-9999.0,-1963.3135669253154,9.4
2004,SC,-44014546.4,-4513.924214480874,-7065.089936247723,-5000.460223132969,24.4,-9999.0,-5030.3110428051,24.4,-9999.0,-5038.0118738615665,9.9
2005,SC,-35465470.4,-3476.4829566210046,-6469.9578767123285,-4037.9376369863016,22.6,-9999.0,-4039.3245205479448,22.7,-9999.0,-4047.702363013699,13.4
2006,SC,-11017789.4,-316.4391894977169,-4556.803652968037,-1189.8993493150685,24.2,-9999.0,-1191.4090296803652,24.8,-9999.0,-1282.917317351598,8.8
2007,SC,-8057780.2,1.9979109589041089,-4423.647602739726,-900.6118264840183,24.9,-9999.0,-902.128299086758,25.0,-9999.0,-943.6612671232876,11.2
2008,SC,-307002.2,976.7553164845173,-4001.4020947176687,-14.753267304189436,24.2,-9999.0,-15.203768214936247,24.5,-9999.0,-29.906454918032786,9.4
2009,SC,-388096.4,965.8007305936073,-3960.529680365297,-23.513013698630136,25.6,-9999.0,-25.097876712328766,26.3,-9999.0,-40.189189497716896,11.0
2010,SC,-127913.8,999.2274771689497,-3962.440296803653,6.0375,26.9,-9999.0,4.45755707762557,27.5,-9999.0,-10.441575342465754,8.3
2011,SC,-157703.0,996.674098173516,-3962.9889269406394,3.3667237442922375,25.5,-9999.0,1.784269406392694,25.5,-9999.0,-12.894109589041095,8.5
2012,SC,-1098497.0,877.8394922586521,-3980.461634790528,-104.08905965391622,25.0,-9999.0,-115.94871357012751,25.4,-9999.0,-138.22279143897995,8.2
2013,SC,-308367.2,976.924189497717,-3938.908904109589,-14.752865296803654,25.2,-9999.0,-15.2,25.9,-9999.0,-31.294954337899544,7.8
2014,SC,-28466.8,1012.3701369863014,-3930.711872146119,18.316038812785386,26.3,-9999.0,17.875216894977168,26.5,-9999.0,0.8331278538812784,8.3
2015,SC,-2867435.0,654.7068721461187,-3986.331278538813,-306.6226598173516,25.6,-9999.0,-342.48865296803655,26.7,-9999.0,-368.99026255707764,7.9
2016,SC,-88247.4,1004.87206284153,-3945.5318761384333,10.506432149362476,25.0,-9999.0,10.0547131147541,25.4,-9999.0,-4.9603597449908925,7.6
2017,SC,-68194.8,1007.4888926940638,-3950.2455479452055,13.727180365296805,24.8,-9999.0,13.285182648401825,25.3,-9999.0,-2.547876712328767,8.9
2018,SC,-18259.4,1013.4466438356164,-3888.0245433789955,19.004269406392694,24.1,-9999.0,18.560285388127856,25.2,-9999.0,2.8880479452054795,9.0
2019,SC,1176.2,1016.1569698354663,1168.6350810696988,21.81659049360146,26.2,5.3,21.368487202925046,26.3,-9.2,5.521046617915904,10.0
2020,SC,1437.2,1016.0621027451873,,21.211481945551885,24.7,6.8,20.74500512586855,25.2,-3.4,5.384724911721153,8.6
2021,SC,2219.0,1016.154038615332,,20.79668685022278,25.2,4.6,20.35401576602308,25.6,-8.5,4.698263452530561,8.8
2022,SC,1803.0,1015.7248428751,,20.849914295509084,24.9,5.5,20.399668609301795,25.1,-2.7,5.036018740715346,7.8
2023,SC,2046.4,1015.3081415321195,,21.766197183098594,24.2,8.6,21.318905301729075,24.7,0.9,4.01418918918919,7.8
2003,CE,-18776582.6,-1711.0703552631578,-7902.827236842105,-2450.374434210526,25.3,-9999.0,-2450.7231710526316,25.9,-9999.0,-2465.7105263157896,7.7
2004,CE,-14126922.4,-761.9882285974498,-8260.026070127504,-1585.6836976320583,25.4,-9999.0,-1586.069558287796,25.9,-9999.0,-1602.875227686703,7.7
2005,CE,-8728234.8,-87.95667808219179,-6573.856506849315,-971.9371803652967,25.5,-9999.0,-972.332614155251,26.3,-9999.0,-990.3710502283105,7.7
2006,CE,-44895425.4,-4632.864509132421,-9999.0,-5111.815125570776,23.6,-9999.0,-5112.0391894977165,24.1,-9999.0,-5121.483333333334,7.7
2007,CE,-9557923.6,-192.0458219178082,-9999.0,-1067.193105022831,25.2,-9999.0,-1068.7260502283104,26.9,-9999.0,-1087.5676141552512,7.5
2008,CE,-74872142.8,-8375.102117486338,-9665.376935336977,-8519.801149817851,24.1,-9999.0,-8525.57058287796,24.7,-9999.0,-8528.720025045537,5.7
2009,CE,-2047453.8,751.4118835616438,-3976.5230593607307,-207.99035388127854,25.5,-9999.0,-312.55823059360733,25.6,-9999.0,-350.6442465753425,7.0
2010,CE,-56184157.0,-6052.3394520547945,-7285.83401826484,-6886.649920091324,25.3,-9999.0,-6881.067146118722,37.9,-9999.0,-6414.620136986301,6.8
2011,CE,-19297101.2,-1029.3116210045664,-4372.87203196347,-1829.45448630137,25.6,-9999.0,-1845.8648287671233,26.7,-9999.0,-1871.4583675799088,7.1
2012,CE,-10578212.8,234.96926229508196,-3942.1452641165756,-678.0941939890711,27.0,-9999.0,-685.3825933515483,27.0,-9999.0,-719.4657559198542,7.1
2013,CE,-209076.8,984.1031278538813,-3713.2429223744293,4.587283105022831,27.2,-9999.0,4.149429223744292,28.6,-9999.0,-15.824840182648403,6.8
2014,CE,-8929.0,1008.4042123287671,-3566.9906392694065,26.10329908675799,30.8,-9999.0,25.648710045662103,31.4,-9999.0,5.646974885844749,7.1
2015,CE,-28689.2,1007.5022945205479,-3691.1762557077627,24.945216894977168,24.6,-9999.0,24.49566210045662,25.5,-9999.0,4.549977168949772,6.8
2016,CE,-25236641.0,-1219.8425660291439,-4488.0393897996355,-2002.7713114754097,26.0,-9999.0,-2029.422051457195,26.2,-9999.0,-2088.350512295082,14.6
2017,CE,-128561.6,993.1022488584474,-3566.9301369863015,12.407009132420093,25.3,-9999.0,11.944406392694065,26.1,-9999.0,-8.273390410958903,6.6
2018,CE,-1378352.2,836.0937785388128,-3726.780707762557,-130.8283789954338,25.2,-9999.0,-131.27174657534246,26.5,-9999.0,-151.37863013698632,6.5
2019,CE,836.6,1009.9849905601006,1294.6367924528302,27.347876022655758,25.7,22.1,26.867139033223115,26.8,12.4,6.958695652173914,6.7
2020,CE,1925.2,1009.3647032015496,,27.2517944628005,26.1,21.7,26.785211347840946,26.7,12.6,6.034054916258403,7.0
2021,CE,1173.6,1009.0930920650446,,27.610147939845945,25.4,20.9,27.141838235294117,25.9,11.4,6.548404124723791,6.7
2022,CE,2113.0,1009.0709825528007,,26.929533976124887,25.6,21.1,26.459699265381083,26.4,11.2,5.959320477502295,6.5
2023,CE,1520.4,1009.4386863823934,,27.398441082072445,25.9,21.6,26.93493810178817,26.7,12.5,6.229886506935688,6.4
2001,GO,-6788597.0,-494.38826923076925,-4765.4555769230765,-1290.0121153846153,22.0,-9999.0,-1354.2017307692308,23.0,-9999.0,-1367.7196153846153,8.0
2002,GO,-7888100.0,-64.50844748858448,-4447.393264840182,-875.6028538812785,22.0,-9999.0,-877.383105022831,24.0,-9999.0,-898.3752283105023,8.0
2003,GO,-8347938.0,-121.59212328767123,-4447.23401826484,-932.1607305936074,23.0,-9999.0,-938.4973744292238,24.0,-9999.0,-955.4692922374429,10.0
2004,GO,-6847909.0,68.73804644808743,-4367.186361566484,-758.5177595628415,23.0,-9999.0,-778.5352914389799,24.0,-9999.0,-795.755806010929,9.0
2005,GO,-13837114.0,-797.1187214611872,-4389.681164383562,-1571.0506849315068,42.0,-9999.0,-1578.4416666666666,43.0,-9999.0,-1588.0618721461187,13.0
2007,GO,-408976.0,881.2852739726028,-3628.9133561643835,-23.12933789954338,25.0,-9999.0,-23.72066210045662,25.0,-9999.0,-43.02796803652968,9.0
2008,GO,-1298241.0,-7097.444558287796,-3211.699339708561,-153.8219489981785,25.0,-9999.0,-156.75125227686704,26.0,-9999.0,-147.82456739526413,7.0
2009,GO,-3028115.0,554.9300228310502,-4054.8505707762556,-322.05239726027395,24.0,-9999.0,-323.8412100456621,24.0,-9999.0,-343.39703196347034,7.0
2010,GO,-678742.0,846.898401826484,-3931.7327625570774,-56.36472602739726,23.0,-9999.0,-54.785844748858445,26.0,-9999.0,-73.63390410958904,8.0
2011,GO,-598699.0,857.0450913242009,-3946.694292237443,-45.46232876712329,22.0,-9999.0,-47.30627853881278,23.0,-9999.0,-66.79189497716895,8.0
2012,GO,-898286.0,820.4874772313296,-3960.3628187613845,-80.43693078324226,22.0,-9999.0,-81.12534153005464,23.0,-9999.0,-99.61520947176685,10.0
2013,GO,-228281.0,903.4138127853881,-3984.422260273973,-2.9232876712328766,23.0,-9999.0,-3.6281963470319636,24.0,-9999.0,-22.360502283105024,8.0
2014,GO,-7447890.0,932.6010273972603,-3961.415410958904,23.61837899543379,22.0,10.0,22.86038812785388,24.0,-4.0,3.8365296803652966,7.0
2015,GO,-68929.0,925.1447488584475,-3973.6480593607307,17.467237442922375,23.0,-9999.0,16.727853881278538,24.0,-9999.0,-2.9684931506849317,8.0
2016,GO,1191.0,932.591985428051,-3934.7965619307834,24.151525500910747,24.0,11.0,23.414959016393443,24.0,-2.0,3.9043715846994536,7.0
2017,GO,-18772.0,932.5268264840182,-3954.558105022831,23.832648401826486,23.0,9.0,23.10308219178082,24.0,-4.0,4.00513698630137,7.0
2018,GO,-1918519.0,932.413698630137,-3951.97602739726,23.62351598173516,24.0,7.0,22.891324200913242,25.0,-8.0,3.6412100456621004,7.0
2019,GO,1167.0,932.6544126041786,1438.4143658326143,24.345815732389543,23.0,7.0,23.56901472770864,24.0,-4.0,3.718004338394794,6.0
2020,GO,1452.0,932.4385002286236,,23.99805669867398,22.0,8.0,23.252031589790548,24.0,-4.0,3.710655831521117,6.0
2021,GO,1510.0,932.0634202898551,,23.637101449275363,23.0,7.0,22.8717234980283,24.0,-4.0,3.4085160691495533,8.0
2022,GO,759.0,931.9883561643836,,23.66929223744292,22.0,6.0,22.894406392694062,24.0,-1.0,3.6424657534246574,7.0
2023,GO,1314.0,932.3934688284996,,24.29116236583695,23.0,11.0,23.52255338586274,24.0,-2.0,3.3036428000456777,6.0
2007,PB,-1089446.8,703.6291496945009,-3861.9670315682283,-252.60682281059061,23.5,-9999.0,-253.04322810590634,24.1,-9999.0,-270.3279531568228,7.0
2008,PB,-97847.6,995.4268101092896,-3713.7442964480874,14.607217668488161,24.6,-9999.0,14.179166666666667,25.5,-9999.0,-8.546277322404372,7.3
2009,PB,-257505.2,975.4243036529681,-3747.5024543378995,-3.5196917808219177,25.6,-9999.0,-3.9514611872146124,26.0,-9999.0,-32.09493150684931,6.5
2010,PB,-15657560.2,-960.1274315068493,-4547.581529680366,-1765.301712328767,26.3,-9999.0,-1781.6920433789955,26.7,-9999.0,-1818.937511415525,7.3
2011,PB,-12327070.8,-540.2227853881278,-4610.666746575343,-1383.7807305936071,25.3,-9999.0,-1384.147191780822,26.2,-9999.0,-1405.4700799086759,6.5
2012,PB,-72242561.4,-8044.259505919854,-8876.69034608379,-8220.726286429874,23.9,-9999.0,-8221.94269125683,24.6,-9999.0,-8225.531614298725,5.3
2013,PB,-6947843.8,137.5941894977169,-4086.365342465753,-767.6680365296804,25.5,-9999.0,-771.5608333333333,26.3,-9999.0,-925.4839611872146,5.9
2014,PB,-11597268.2,487.3452168949771,-4477.277557077626,-449.78506849315073,25.5,-9999.0,-478.9012100456621,25.9,-9999.0,-514.384497716895,6.0
2015,PB,-32595969.6,188.63437214611872,-6753.190251141553,-721.8421347031963,26.2,-9999.0,-794.4329452054794,28.2,-9999.0,-822.8920890410959,5.5
2016,PB,-9007940.4,-117.64999999999999,-4164.920195810565,-1000.5416780510018,26.0,-9999.0,-1087.7438752276867,26.5,-9999.0,-1118.7425887978143,5.3
2017,PB,-6487029.8,194.5277625570776,-4175.7198287671235,-716.3976826484019,26.3,-9999.0,-761.4970662100457,26.9,-9999.0,-785.9495776255708,5.3
2018,PB,-22536498.4,-1785.7215068493151,-5326.671198630137,-2519.1322260273973,25.3,-9999.0,-2538.952899543379,25.9,-9999.0,-2556.372465753425,5.1
2019,PB,2211.0,1009.8837088985974,1453.9102088167053,26.568119107840882,26.6,20.0,26.075753046677395,27.3,13.3,5.8630664826317,4.6
2020,PB,1584.8,1008.2712961402325,,26.993392887240855,26.1,19.8,26.522926500337153,26.8,16.0,4.478603945371775,3.8
2021,PB,773.8,1007.3692040017398,,27.218703784254025,25.3,21.0,26.732332463011314,26.1,17.0,4.814664926022629,3.0
2022,PB,2679.0,1008.0237359550563,,26.500948033707864,26.0,20.0,26.00875468164794,27.0,10.5,4.57496488764045,4.3
2023,PB,2036.8,1008.498706491063,,26.819529688418577,26.1,20.9,26.324467960023515,26.3,14.7,4.438393697083725,3.0
2013,AP,-1049845.2,-1440.675,-5123.262076271187,-2203.207838983051,24.5,-9999.0,-2203.5773305084745,25.2,-9999.0,-2220.048940677966,5.9
2014,AP,2422.4,1009.8593264840182,-3747.0491666666667,27.05683789954338,25.2,21.5,26.606803652968036,25.7,16.5,-6.035924657534246,7.4
2015,AP,-36305834.0,-3553.3478424657537,-6148.988276255707,-4128.146050228311,25.4,-9999.0,-4162.769315068494,25.9,-9999.0,-4328.182328767123,6.4
2016,AP,-26566000.6,-1418.8973360655737,-5025.020787795993,-2183.426400273224,26.2,-9999.0,-2189.499282786885,26.5,-9999.0,-2444.2990095628415,7.3
2017,AP,-13646724.6,-705.9759817351597,-4730.291894977169,-1535.1393607305936,25.6,-9999.0,-1535.504006849315,26.1,-9999.0,-1554.7847831050228,7.2
2018,AP,-18025710.8,-1255.7184018264838,-4956.930787671233,-2036.7481278538814,25.7,-9999.0,-2042.8276598173518,26.1,-9999.0,-2065.4540296803652,7.2
2019,AP,2274.8,1009.9553850156087,1527.450308056872,27.442715920915713,26.3,22.1,26.9769130661114,26.8,14.6,5.136231244483671,6.5
2020,AP,2541.0,1009.8185768046527,,27.347405633481582,27.3,21.6,26.888961113011746,27.3,14.0,4.841389142335767,8.1
2021,AP,1652.8,1009.4053962460897,,26.282716371220022,26.1,22.4,25.866805845511482,27.0,18.8,4.316183764030279,6.4
2022,AP,1607.2,1009.677653716733,,27.360584276537168,25.6,21.7,26.892440703902068,26.2,13.7,4.846893174165901,7.3
2023,AP,2017.0,1009.802789946968,,27.691837675812774,26.8,22.3,27.231254323264928,27.1,13.8,5.1132941312118065,7.2
2003,AL,-68524.0,994.3345129171151,5193.907292787944,14.240863832077503,24.3,-9999.0,12.389572120559743,25.0,-9999.0,-7.032790635091496,7.6
2004,AL,-377415.8,956.8121470856103,-6726.625455373406,-17.91344489981785,28.5,-9999.0,-18.678563296903462,31.1,-9999.0,-38.0233378870674,7.9
2005,AL,-2968101.4,631.0608333333333,-3403.7521689497717,-313.82821917808224,30.2,-9999.0,-314.47702054794524,31.1,-9999.0,-333.5318607305936,8.4
2006,AL,-34265722.4,-3283.350776255708,-2818.0383561643835,-3879.9679337899547,25.0,-9999.0,-3888.269075342466,25.3,-9999.0,-3919.647568493151,8.4
2007,AL,-87591240.0,-9999.0,-9999.0,-9999.0,-9999.0,-9999.0,-9999.0,-9999.0,-9999.0,-9999.0,-9999.0
2008,AL,-62533635.6,-6829.797791438979,-8121.404030054645,-7111.655919854281,23.5,-9999.0,-7112.9545423497275,24.3,-9999.0,-7118.390676229508,8.7
2009,AL,-217769.8,976.7146232876712,-3726.094520547945,0.3490410958904106,25.0,-9999.0,-0.14357305936073075,25.4,-9999.0,-24.315205479452054,8.4
2010,AL,-98113.4,991.897694063927,-3682.877397260274,14.03310502283105,25.4,-9999.0,13.539714611872146,26.1,-9999.0,-7.155570776255708,8.2
2011,AL,-87744.2,993.0554337899543,-3524.3496575342465,14.845707762557076,24.7,-9999.0,14.356997716894977,25.3,-9999.0,-29.95779680365297,7.7
2012,AL,-4468364.4,445.2233378870674,-3109.6951275045535,-484.9629098360656,23.8,-9999.0,-502.5627618397085,24.9,-9999.0,-527.5921789617487,8.3
2013,AL,-218211.8,978.6386757990869,-3719.648287671233,1.377591324200913,24.5,-9999.0,0.8823972602739726,25.2,-9999.0,-18.484874429223744,8.5
2014,AL,-8313.2,1004.2734246575342,-3694.662100456621,24.020593607305937,25.3,-9999.0,23.52285388127854,26.0,-9999.0,3.074052511415525,7.5
2015,AL,-48593.0,1000.6930251141553,-3680.879908675799,20.98557077625571,25.7,-9999.0,20.497248858447488,27.3,-9999.0,0.8570890410958907,8.3
2016,AL,1214.6,1005.6923497267759,-3719.649476320583,25.603904826958107,26.1,17.8,25.099658469945354,26.4,11.7,5.445605646630236,7.9
2017,AL,-7486.8,1004.1820547945206,-3616.3638127853883,24.261872146118723,25.8,-9999.0,23.767214611872145,26.4,-9999.0,2.343082191780822,8.4
2018,AL,-4928079.8,1004.0399429223745,-3830.1502283105024,21.927625570776257,25.3,-9999.0,21.39382420091324,26.3,-9999.0,2.022488584474886,7.4
2019,AL,1520.6,1005.3358675799086,1492.589658738366,25.686301369863013,26.5,18.6,25.13808219178082,26.6,14.1,5.2313613522156235,7.2
2020,AL,32.8,1003.5645820983995,,27.064226437462953,27.4,21.8,26.561269276393833,27.4,15.6,5.419845743102937,7.3
2021,AL,240.4,1004.8055606302809,,25.481331354190456,,19.8,25.038890157570222,,20.4,5.376327509421035,7.8
2022,AL,2573.8,1004.5025337837837,,25.578993725868727,24.7,19.3,25.123998552123552,26.0,14.2,5.371187258687259,7.4
2023,AL,1877.8,1005.3257497001199,,25.48601892576303,25.8,19.8,25.056604025056647,26.6,13.0,4.99861370301253,6.8
2000,AM,-6238637.6,-206.8711971830986,-4766.484330985915,-1076.4492605633802,26.9,-9999.0,-1154.5813732394367,27.6,-9999.0,-1191.4788028169014,7.9
2001,AM,-19276714.6,-1422.5820433789954,-5296.986301369863,-2179.6801598173515,30.9,-9999.0,-2617.3134018264836,30.9,-9999.0,-2262.0708447488587,6.4
2002,AM,-31015292.6,-2898.7183333333337,-5940.05102739726,-3522.0650456621006,26.1,-9999.0,-3570.4359360730596,26.7,-9999.0,-3645.87198630137,6.8
2003,AM,-67742919.0,-7509.533344748858,-8369.714383561644,-7726.876289954337,26.0,-9999.0,-7757.920547945206,26.5,-9999.0,-7855.597922374429,5.5
2004,AM,-30445699.6,-2812.4956625683058,-6267.195469034608,-3441.878460837887,28.3,-9999.0,-3593.9531534608377,28.5,-9999.0,-3620.1165755919856,5.6
2005,AM,-43984910.0,-4521.47453196347,-7032.126598173516,-5007.042625570776,26.6,-9999.0,-5008.461426940639,27.5,-9999.0,-5019.529646118722,5.4
2006,AM,-4717460.6,511.4979223744292,-4412.868607305936,-420.69448630136986,26.7,-9999.0,-421.17852739726027,27.3,-9999.0,-535.6408789954337,6.0
2007,AM,-137710.8,986.2957762557078,-4100.974543378996,11.827785388127854,26.5,-9999.0,11.330228310502282,27.3,-9999.0,-12.860582191780821,6.1
2008,AM,-32684708.6,-3090.657137978142,-6365.847905282331,-3704.1194672131146,26.9,-9999.0,-3704.4095286885245,27.1,-9999.0,-3720.447119763206,5.5
2009,AM,-84981500.4,-9671.275376712329,-9811.931621004565,-9700.198847031965,24.6,-9999.0,-9702.508025114155,26.0,-9999.0,-9705.527374429223,4.6
2010,AM,-8257470.0,-34.55416666666667,-4615.40993150685,-918.0742123287671,27.1,-9999.0,-920.8474657534247,27.2,-9999.0,-1280.83948630137,6.0
2011,AM,-107538.4,102.11963470319635,-4120.254223744292,14.884417808219178,27.4,-9999.0,13.235787671232877,27.6,-9999.0,-10.95865296803653,5.1
2012,AM,-27865.399999999998,1000.4534380692168,-4087.194330601093,23.984164389799634,26.3,-9999.0,23.48299180327869,26.7,-9999.0,0.40462204007285985,5.1
2013,AM,-1357572.8,833.4840296803652,-4160.149771689497,-128.1586415525114,26.4,-9999.0,-128.6612899543379,27.5,-9999.0,-151.43109589041094,6.1
2014,AM,-917784.2,888.9339497716895,-4102.908675799087,-77.62409817351597,26.2,-9999.0,-81.55434931506849,26.4,-9999.0,-488.1396689497717,7.4
2015,AM,-58491.4,997.0313470319634,-4067.417123287671,21.626906392694064,25.6,-9999.0,21.10554794520548,25.7,-9999.0,-9.523789954337898,6.5
2016,AM,-327922.4,963.3381944444444,-4069.476320582878,-9.403472222222224,31.8,-9999.0,-12.190391621129326,32.8,-9999.0,-155.37256375227687,7.9
2017,AM,-1027549.2,875.2197260273972,-4144.114840182649,-90.11453196347033,25.7,-9999.0,-97.46834474885844,26.5,-9999.0,-208.50578767123287,6.1
2018,AM,-778028.4,906.8463584474886,-2523.505707762557,-63.841289954337896,26.2,-9999.0,-65.4952397260274,27.0,-9999.0,-6625.811335616438,5.1
2019,AM,2296.4,1004.9110716332377,666.0692263610315,27.716756446991404,26.0,22.5,27.20204011461318,26.7,13.3,3.8403667621776503,5.6
2020,AM,2692.2,1004.7955977868655,,27.88058194060358,25.9,21.6,27.370614404232295,27.1,10.6,3.7415854685432453,6.0
2021,AM,2763.8,1004.7949584887499,,27.20732763807003,25.4,21.6,26.709856781802866,27.0,14.4,3.554539617310903,5.4
2022,AM,2447.6,1004.516722254169,,27.580966072455436,25.4,22.4,27.075316310098916,26.1,13.8,3.770416379112031,5.0
2023,AM,2169.8,1004.5522927281148,,28.381264474293655,27.9,20.9,27.863053046096827,28.1,16.6,3.878190873291638,5.3
2003,RN,-24556702.0,-2618.3442864806866,454.35917381974247,-3275.8090128755366,25.0,-9999.0,-3277.4431330472103,26.0,-9999.0,-3289.1655042918455,10.0
2004,RN,-20126342.0,-1514.7681010928961,-8832.399362477232,-2271.3309426229507,25.0,-9999.0,-2271.63012295082,26.0,-9999.0,-2284.8310564663025,11.0
2005,RN,-38364717.0,-3813.0616438356165,-5363.620890410959,-4365.252397260274,26.0,-9999.0,-4366.619063926941,26.0,-9999.0,-4375.955251141552,10.0
2006,RN,-23306447.0,-1904.9165525114156,2230.8883561643834,-2626.567922374429,25.0,-9999.0,-2626.851826484018,26.0,-9999.0,-6864.518949771689,10.0
2007,RN,-16817181.0,-1105.82899543379,3820.839611872146,-1898.8219178082193,25.0,-9999.0,-1899.1582191780822,25.0,-9999.0,-8153.8027397260275,10.0
2008,RN,-67630.0,997.9355646630237,6334.380464480874,18.20856102003643,25.0,-9999.0,16.677937158469945,26.0,-9999.0,-0.7825591985428051,10.0
2009,RN,-217841.0,979.2737442922374,6164.721803652968,1.2804794520547946,25.0,-9999.0,0.89337899543379,26.0,-9999.0,-3256.8811643835616,9.0
2010,RN,-109482.0,994.1172374429224,53.39680365296804,15.334931506849315,25.0,-9999.0,14.937671232876712,26.0,-9999.0,-2.8794520547945206,10.0
2011,RN,-318246.0,967.6334474885845,2124.2139269406393,-9.23687214611872,25.0,-9999.0,-13.071917808219178,26.0,-9999.0,-6753.431164383562,8.0
2012,RN,-4388486.0,459.8008879781421,-3714.7118624772315,-472.39628870673954,25.0,-9999.0,-481.92247267759564,26.0,-9999.0,-517.6158925318762,10.0
2013,RN,-9297437.0,231.99029680365297,-3816.723287671233,-679.4567351598173,25.0,-9999.0,-699.2837899543379,26.0,-9999.0,-743.3934931506849,9.0
2014,RN,-4238002.0,474.972602739726,-3903.484474885845,-458.8712328767123,25.0,-9999.0,-460.3962328767123,26.0,-9999.0,-478.3892694063927,10.0
2015,RN,-3478415.0,570.7534246575342,-3625.9567351598175,-371.6099315068493,26.0,-9999.0,-385.7408675799087,26.0,-9999.0,-407.6162100456621,9.0
2016,RN,-7948249.0,11.722108378870674,-3672.2073087431695,-880.6207877959927,26.0,-9999.0,-880.9949908925319,27.0,-9999.0,-899.316029143898,10.0
2017,RN,-4038424.0,499.90342465753423,-3715.1559360730594,-435.7745433789954,26.0,-9999.0,-436.16826484018264,27.0,-9999.0,-463.20102739726025,10.0
2018,RN,-16927413.0,1007.443493150685,-3645.523173515982,26.49269406392694,26.0,21.0,26.10011415525114,26.0,13.0,5.876027397260274,9.0
2019,RN,1598.0,1007.5116438356164,1489.3533634126334,26.709817351598172,26.0,21.0,26.30445205479452,28.0,12.0,7.866537275944743,9.0
2020,RN,2035.0,1007.3376703080888,,26.74591874309562,26.0,21.0,26.328134594129928,27.0,14.0,7.688798721259068,9.0
2021,RN,12.0,1006.9603406326034,,28.1352798053528,26.0,22.0,27.398681640625,27.0,17.0,9.121197130843433,9.0
2022,RN,893.0,1007.5120788824979,,26.41314708299096,27.0,21.0,25.941040843214758,27.0,16.0,7.988732394366197,9.0
2023,RN,977.0,1007.4881787053645,,26.80172835480189,26.0,22.0,26.381434874979572,27.0,18.0,7.712999345121153,8.0
2004,TO,-99814.2,665.8556818181819,-3816.4519886363637,-287.45,23.3,-9999.0,-287.99062499999997,24.1,-9999.0,-337.47642045454546,5.9
2005,TO,-4677896.4,392.14690639269406,-4331.774623287672,-508.4475570776255,24.6,-9999.0,-509.05558219178084,25.5,-9999.0,-529.9031849315069,10.2
2006,TO,-4487487.0,512.6447602739726,-4306.990947488584,-398.93520547945207,23.9,-9999.0,-400.6835502283105,24.7,-9999.0,-509.58732876712327,10.3
2007,TO,-3138069.8,585.140890410959,-4180.8198858447495,-332.0046118721461,24.2,-9999.0,-334.9411073059361,24.7,-9999.0,-393.93238584474886,11.8
2008,TO,-718210.0,888.4876252276866,-4061.970116120219,-55.232354280510016,24.3,-9999.0,-55.887215391621126,25.2,-9999.0,-77.79829234972676,10.1
2009,TO,-2917813.0,613.9911757990868,-4146.542579908676,-306.28227168949775,23.8,-9999.0,-306.9116666666667,25.7,-9999.0,-723.3785273972603,9.5
2010,TO,-118218.8,963.2557077625571,-4047.826461187214,14.041518264840182,25.1,-9999.0,13.372762557077625,25.4,-9999.0,-9.15538812785388,10.6
2011,TO,-9547505.0,-218.3025799086758,-4736.423150684931,-1066.0370319634703,23.8,-9999.0,-1066.641906392694,24.6,-9999.0,-1086.3445662100457,10.1
2012,TO,-13067475.8,-560.878164845173,-4585.069968123862,-1379.0721311475409,24.2,-9999.0,-1381.961612021858,24.4,-9999.0,-1423.7404940801457,10.7
2013,TO,-8917546.0,-138.0054794520548,-4253.450913242009,-992.1858105022831,24.9,-9999.0,-1017.9942694063927,26.1,-9999.0,-1054.35200913242,9.4
2014,TO,-2098195.6,715.903904109589,-4207.598710045662,-213.30834474885845,29.3,-9999.0,-218.5411415525114,33.6,-9999.0,-240.33647260273972,9.8
2015,TO,-13757582.2,-745.0867465753425,-5044.859223744292,-1547.30350456621,25.5,-9999.0,-1551.3222831050227,26.0,-9999.0,-1570.4784474885844,10.9
2016,TO,-6448728.6,172.92355418943535,-4461.504200819672,-707.8143670309654,25.2,-9999.0,-708.4628984517303,26.3,-9999.0,-732.4873633879781,9.6
2017,TO,1624.6,978.9217351598174,-4023.351997716895,27.64033105022831,24.9,17.9,26.958470319634703,26.3,-1.1,4.5275,10.6
2018,TO,1900.4,979.0724543378994,-4022.316563926941,27.140696347031962,24.8,-9999.0,26.44922374429224,26.5,4.9,3.8745319634703197,9.1
2019,TO,1361.0,979.3108572119453,1368.8939148542343,27.454431144964335,25.6,18.4,26.751456897594,26.0,1.7,4.089336235038085,12.2
2020,TO,1575.4,978.9656674799581,,27.851707713754646,24.8,18.2,27.180388056233298,25.8,-1.9,4.34936091099233,9.1
2021,TO,1325.0,978.9810807017544,,27.320729824561404,24.8,17.9,26.625754385964914,25.4,1.4,3.823971929824561,9.5
2022,TO,1757.2,978.8539194338595,,27.519485644305348,24.7,18.3,26.877626565051713,25.5,2.0,4.088946365368908,10.9
2023,TO,1007.4,981.1398381533563,,27.785634699562276,25.4,18.7,27.077344475394614,25.4,5.7,4.238537103411655,9.9
2000,RS,-409557.2,821.4112996688741,,-149.17276490066226,23.4,-9999.0,-153.8233857615894,23.9,-9999.0,-168.39089403973512,8.0
2001,RS,-11057565.6,-406.59858447488585,,-1241.9407534246575,24.3,-9999.0,-1368.1372146118722,24.9,-9999.0,-1383.713710045662,13.3
2002,RS,-11967407.8,-521.1179223744292,,-1341.9093378995435,23.8,-9999.0,-1436.086609589041,24.7,-9999.0,-1459.2013926940638,10.3
2003,RS,-13287494.4,-683.6531621004566,,-1499.0470091324203,24.3,-9999.0,-1595.5051369863013,24.9,-9999.0,-1613.4846461187215,9.5
2004,RS,-9028242.6,-147.44571948998177,,-1009.1071948998178,22.9,-9999.0,-1111.0551684881602,23.8,-9999.0,-1126.125819672131,7.5
2005,RS,-7178165.0,99.17818493150685,,-799.9499771689498,23.5,-9999.0,-822.1507191780822,24.1,-9999.0,-840.1903652968036,8.1
2006,RS,-5818374.6,331.2609931506849,,-597.558595890411,24.9,-9999.0,-601.4281849315068,26.7,-9999.0,-680.3416095890411,7.4
2007,RS,-1058393.0,876.8585730593607,,-101.5943493150685,24.4,-9999.0,-111.21568493150686,25.1,-9999.0,-126.4399200913242,6.8
2008,RS,-1888292.2,850.7192053734062,,-125.60527094717668,22.3,-9999.0,-128.3584471766849,22.7,-9999.0,-148.81564207650274,6.7
2009,RS,-208241.4,982.5406963470319,,-4.655787671232877,24.4,-9999.0,-6.269885844748858,24.7,-9999.0,-21.48785388127854,8.9
2010,RS,-98508.6,997.0730479452055,,8.111015981735159,26.3,-9999.0,6.497990867579909,26.9,-9999.0,-7.7780365296803655,7.4
2011,RS,-218678.4,981.8058219178082,,-5.972180365296803,24.9,-9999.0,-6.454349315068493,24.9,-9999.0,-21.378618721461187,7.6
2012,RS,-38601.6,1004.3976775956284,,15.866643897996358,24.6,-9999.0,14.21802140255009,24.7,-9999.0,-3.404030054644809,8.1
2013,RS,-1288489.8,859.2234931506849,,-121.41059360730594,24.4,-9999.0,-128.78706621004565,24.4,-9999.0,-142.64559360730593,5.9
2014,RS,-198192.6,984.646198630137,,-2.32087899543379,25.9,-9999.0,-3.946141552511415,26.1,-9999.0,-27.459931506849315,6.0
2015,RS,-138132.8,991.985194063927,,4.381244292237443,25.5,-9999.0,3.934714611872146,26.0,-9999.0,-11.41925799086758,5.7
2016,RS,-1408297.6,833.4696607468123,,-142.38875227686702,25.8,-9999.0,-144.00428051001822,26.0,-9999.0,-158.081910291439,6.7
2017,RS,-418201.4,958.2602283105023,,-26.12345890410959,25.9,-9999.0,-28.91148401826484,26.4,-9999.0,-610.9073630136986,6.7
2018,RS,-18551.4,1007.4529109589041,,16.561187214611873,24.8,-9999.0,17.203881278538812,25.7,-9999.0,-465.55617579908676,6.7
2019,RS,1542.8,1009.999326253283,,20.598298504053897,27.1,2.7,20.076418864908074,27.1,-1.1,4.753997709049256,6.7
2020,RS,1425.2,1009.7639293849659,1283.6481740976647,19.983029612756265,24.5,3.1,19.435637813211844,25.0,-2.1,4.980275752051049,5.7
2021,RS,1221.0,1009.9580161476355,1267.1868551694367,19.780357554786622,24.5,2.8,19.256580920521397,25.3,-4.4,4.884327755337565,5.3
2022,RS,1317.0,1009.6599770904925,1227.980561463207,19.533631156930127,26.6,4.2,19.014308626417687,27.5,-3.6,4.772121003781368,5.8
2023,RS,1873.0,1009.0375389587902,1187.0154896522295,20.541786909846472,26.5,4.4,20.01870021932356,27.1,-5.1,4.667962513016313,5.7
2007,RO,-869161.4,770.7597408829175,-3937.73877159309,-182.95518234165067,25.5,-9999.0,-183.60748560460652,26.3,-9999.0,-214.6979366602687,8.8
2008,RO,-2227553.0,721.485439435337,-4157.579166666666,-228.7345514571949,25.9,-9999.0,-229.2994990892532,26.8,-9999.0,-5250.486202185792,7.4
2009,RO,-1137257.8,857.503710045662,-4071.0473287671234,-104.50264840182648,25.7,-9999.0,-105.04147260273973,32.7,-9999.0,-593.6888584474887,19.9
2010,RO,-18417049.0,-1312.1409018264842,-4777.546723744292,-2081.4532305936073,27.1,-9999.0,-2094.511621004566,27.4,-9999.0,-8893.700936073059,8.4
2011,RO,-38204396.0,-3797.7245205479453,-6577.3349429223745,-4346.910273972603,25.0,-9999.0,-4349.492431506849,26.4,-9999.0,-8158.36207762557,7.8
2012,RO,-6507039.2,185.60122950819672,-4428.474692622951,-717.1103483606557,25.7,-9999.0,-718.8396971766849,26.0,-9999.0,-5246.010860655738,10.1
2013,RO,-20966199.4,-1646.9949200913243,-5430.327260273973,-2373.9945662100454,26.1,-9999.0,-2379.038436073059,27.3,-9999.0,-5936.383527397261,10.2
2014,RO,-5547276.2,286.5067808219178,-4354.590821917808,-606.9768493150685,29.8,-9999.0,-607.5330251141552,31.3,-9999.0,-629.1578538812785,7.7
2015,RO,-18646410.2,-1348.379006849315,-4788.408984018265,-2107.396700913242,28.4,-9999.0,-2171.9561187214613,31.4,-9999.0,-2345.1523858447486,9.1
2016,RO,-9517067.0,-197.3028460837887,-4050.355726320583,-1059.7449567395263,26.6,-9999.0,-1132.1964139344263,26.9,-9999.0,-1187.494489981785,8.0
2017,RO,-21685913.8,-1727.1253196347034,-4513.880353881278,-2485.1201484018266,25.5,-9999.0,-2706.475582191781,25.9,-9999.0,-2775.4498401826486,9.8
2018,RO,-12216569.4,-536.5862100456621,-2892.0121232876713,-1370.8180479452055,25.4,-9999.0,-1446.8744520547943,26.2,-9999.0,-1490.902785388128,8.1
2019,RO,1252.4,1001.9073263558515,702.8472090072946,26.446891849032667,25.5,13.6,25.846907706945768,26.2,-3.4,3.670976253298153,5.7
2020,RO,0.0,,,,,,,,,,
2021,RO,0.0,,,,,,,,,,
2022,RO,2261.6,1000.634473550356,,26.385401831129194,30.6,14.6,25.80968972533062,31.4,7.6,3.7664416586306655,7.2
2023,RO,1068.2,1000.7111578062619,,26.10163899978987,26.9,17.8,25.55099852848434,27.1,9.0,2.9422680412371136,7.1
2004,PE,-2319768.0,299.30086206896556,-9999.0,-620.9775862068965,22.1,-9999.0,-621.490948275862,22.9,-9999.0,-942.9443965517241,4.9
2005,PE,-997523.8,886.7364041095891,-3798.6296803652967,-88.4787899543379,24.8,-9999.0,-88.95174657534247,24.9,-9999.0,-125.04969178082192,6.2
2006,PE,-8887374.8,-84.93568493150684,-4152.818378995434,-975.535011415525,24.6,-9999.0,-975.9567579908675,25.2,-9999.0,-8324.766232876713,4.8
2007,PE,-1907720.2,772.6823173515982,-3654.939566210046,-195.46651826484018,24.4,-9999.0,-195.92355022831052,25.2,-9999.0,-7167.56292237443,5.7
2008,PE,-41474225.4,-4188.045343806922,-6579.03087431694,-4740.188695355191,26.3,-9999.0,-4742.7236111111115,31.6,-9999.0,-4809.337534153005,5.6
2009,PE,-39895037.4,-4002.872237442922,-6555.176358447488,-4540.290136986301,24.9,-9999.0,-4558.890273972603,25.4,-9999.0,-4578.031643835617,4.8
2010,PE,-618214.4,935.3872260273972,-3809.972511415525,-43.85037671232877,25.9,-9999.0,-45.51552511415525,27.5,-9999.0,-66.89883561643836,4.9
2011,PE,-956994.2,891.2881621004566,-3880.0532990867578,-84.29509132420091,31.3,-9999.0,-84.80819634703197,31.5,-9999.0,-104.60350456621003,5.2
2012,PE,-948307.4,893.9605988160292,-3794.831318306011,-82.85085382513661,29.7,-9999.0,-85.6683970856102,30.4,-9999.0,-110.91318306010929,5.0
2013,PE,-217525.2,985.0871118721461,-3861.0310159817354,0.6532648401826483,25.7,-9999.0,-3.329931506849315,26.4,-9999.0,-32.720068493150684,4.5
2014,PE,-1617576.6,809.524805936073,-3784.655239726027,-159.9672488584475,25.1,-9999.0,-163.94695205479454,26.8,-9999.0,-272.97084474885844,4.6
2015,PE,-1188048.6,865.1332762557078,-3639.037899543379,-109.1083105022831,29.3,-9999.0,-113.07837899543378,30.4,-9999.0,-138.40487442922375,4.4
2016,PE,-2768202.6,666.0617144808742,-3696.203540528233,-290.1229166666667,25.0,-9999.0,-294.0974157559199,25.7,-9999.0,-317.3552595628415,4.4
2017,PE,-5337454.0,343.036095890411,-3825.8009474885844,-584.06649543379,27.1,-9999.0,-590.333801369863,27.6,-9999.0,-613.759303652968,4.2
2018,PE,-4707994.2,420.9498401826484,-3932.1007077625572,-513.265296803653,26.3,-9999.0,-521.8026369863013,27.1,-9999.0,-544.4769634703197,4.3
2019,PE,2081.6,1012.9203540833809,1531.2528130287649,25.956333523700742,26.9,18.6,25.39227693362276,27.7,14.0,4.343613461916946,4.1
2020,PE,1656.8,1012.6061987237922,,26.330366909753874,26.7,18.3,25.834377848678212,28.2,13.7,5.941809851088202,3.7
2021,PE,2233.4,1012.7280095351609,,25.736551450139057,27.1,19.0,25.28421401138922,27.5,14.8,4.526738180373461,3.8
2022,PE,0.0,,,,,,,,,,
2023,PE,0.0,,,,,,,,,,
2008,AC,-5598538.2,-491.09536948176583,-4061.018402111324,-1320.6974088291747,28.0,-9999.0,-1393.3991122840691,28.3,-9999.0,-1442.5873320537428,11.6
2009,AC,-227893.4,956.2664155251141,-3783.237168949772,-1.2011872146118723,28.2,-9999.0,-1.7662100456621002,28.8,-9999.0,-22.68167808219178,8.8
2010,AC,-98847.4,972.5279794520548,-3840.9185159817357,14.1675799086758,28.6,-9999.0,13.625525114155252,29.5,-9999.0,-7.527751141552512,9.3
2011,AC,-88254.2,973.5940182648401,-3832.376358447488,14.899041095890412,29.7,-9999.0,13.245057077625571,30.0,-9999.0,-7.958333333333333,10.9
2012,AC,-47580.8,979.3475637522769,-3813.9455942622953,19.3875,25.1,-9999.0,17.739367030965393,25.6,-9999.0,-5.042805100182149,10.1
2013,AC,-8747247.0,820.2355251141553,-3803.9694634703196,-125.9379680365297,25.8,-9999.0,-126.42315068493151,26.6,-9999.0,-146.79695205479453,8.6
2014,AC,-48503825.2,-5097.098127853881,-6873.89593607306,-5525.976118721461,26.7,-9999.0,-5527.326552511416,29.3,-9999.0,-5536.802420091324,6.7
2015,AC,-50453503.0,-5342.055182648402,-7369.373767123288,-5748.8664383561645,25.8,-9999.0,-5761.660639269407,26.9,-9999.0,-5771.757111872146,7.5
2016,AC,-46634242.8,-4848.617520491803,-6946.927083333333,-5298.12018442623,25.8,-9999.0,-5300.653164845173,26.4,-9999.0,-5314.056215846994,9.5
2017,AC,-34315233.4,-3317.7245319634703,-5708.937237442923,-3901.799132420091,25.5,-9999.0,-3984.561952054795,26.3,-9999.0,-4023.4352283105027,9.2
2018,AC,-68962777.6,-7662.933527397261,-7696.560753424658,-7867.018961187214,24.8,-9999.0,-7869.447636986301,25.2,-9999.0,-7874.994634703196,9.3
2019,AC,1305.4,995.981239242685,727.4952647438657,25.500967741935483,26.2,9.6,24.89316220880069,26.8,0.2,2.667745415318231,5.3
2020,AC,513.2,996.1501452643811,,26.192271934921557,27.1,19.4,25.686239067055393,27.3,17.7,2.905717619603267,5.0
2021,AC,0.0,,,,,,,,,,
2022,AC,863.0,991.4816491511722,,26.163096200485043,25.8,14.5,25.570008084074374,26.3,5.6,2.9729183508488277,4.1
2023,AC,1996.2,992.8548819619527,,26.163270685308277,25.6,11.2,25.609557643823056,26.8,8.8,2.613305065322026,5.0
2000,BA,-34896337.8,-9999.0,-7615.641475644699,-6239.664040114613,24.5,-9999.0,-6241.602059455588,25.3,-9999.0,-6270.491636819484,5.6
2001,BA,-2477896.0,677.361301369863,-3947.520091324201,-257.2304452054795,24.9,-9999.0,-285.1041438356164,25.9,-9999.0,-303.688299086758,7.6
2002,BA,-8687331.2,-114.11906392694064,-4326.90799086758,-969.0304908675798,24.8,-9999.0,-1024.3498630136987,25.4,-9999.0,-3995.0584132420095,15.0
2003,BA,-8027174.8,-8.612408675799086,-4245.580251141552,-912.7475,26.6,-9999.0,-939.454897260274,26.7,-9999.0,-8115.721997716895,4.8
2004,BA,-657891.0,923.4476206739527,-3687.600295992714,-47.90267531876138,25.7,-9999.0,-48.33623633879781,26.1,-9999.0,-69.70311930783242,8.0
2005,BA,-9967134.0,-268.199600456621,-4158.093835616439,-1113.4821232876714,25.4,-9999.0,-1115.0131278538813,26.6,-9999.0,-2947.8250570776254,8.1
2006,BA,-54474428.0,-5836.813002283105,-7207.4554794520545,-6208.256655251142,24.5,-9999.0,-6218.732100456621,25.4,-9999.0,-6414.851849315069,6.4
2007,BA,-22326767.8,-1796.936324200913,-4944.282762557078,-2986.8751598173512,45.0,-9999.0,-2957.366712328767,45.0,-9999.0,-2634.3543835616438,8.7
2008,BA,-35835781.4,-3482.124487704918,-7623.714822404371,-4064.906090619308,26.1,-9999.0,-4082.269729052823,26.3,-9999.0,-4168.325352914389,6.0
2009,BA,-638999.6,927.7006621004566,-4820.6050228310505,-47.36361872146119,25.2,-9999.0,-56.94333333333333,26.0,-9999.0,-76.52920091324201,6.0
2010,BA,-48517.200000000004,1004.0962899543379,-3771.2125570776257,22.10517123287671,25.7,-9999.0,21.664794520547947,26.0,-9999.0,2.5870433789954337,6.1
2011,BA,-308207.4,964.9978196347032,-3842.3512557077624,-10.412591324200914,25.4,-9999.0,-10.871929223744292,25.9,-9999.0,-33.01446347031963,6.7
2012,BA,-18577083.8,994.183151183971,-3799.9467213114754,11.747632058287795,25.3,-9999.0,11.224271402550091,25.7,-9999.0,-9.170161657559198,5.9
2013,BA,-10857154.2,-354.94357305936074,-4525.32602739726,-1215.7429566210046,26.0,-9999.0,-1217.3320205479451,26.8,-9999.0,-1241.3629337899545,5.6
2014,BA,-9577601.6,287.01772831050226,-3962.2601598173515,-632.5571232876713,26.8,-9999.0,-644.5143607305936,27.1,-9999.0,-665.8414155251141,7.5
2015,BA,-18556.2,1006.9380936073059,-3750.2811643835616,23.648093607305935,25.2,-9999.0,21.985844748858447,26.1,-9999.0,-0.1731050228310502,5.5
2016,BA,-8048085.0,60.79074453551913,-4202.876593806922,-837.7889571948998,26.9,-9999.0,-943.2513433515483,27.2,-9999.0,-969.473383424408,5.2
2017,BA,-68395.8,1000.6976712328767,-3783.3141552511415,17.614600456621005,25.8,-9999.0,17.080342465753425,26.7,-9999.0,-3.4306050228310503,6.2
2018,BA,-868623.2,990.186210045662,-3807.829680365297,8.678687214611873,25.8,-9999.0,7.012020547945206,27.0,-9999.0,-19.80738584474886,4.6
2019,BA,1855.4,1009.1351987208772,1469.909894736842,26.229339881224305,26.9,20.7,25.743472301541978,27.5,14.5,5.155690127970749,5.7
2020,BA,2265.0,1008.8623975409837,,25.882354280510018,26.6,21.0,25.435541894353367,27.3,14.5,5.323497267759563,6.0
2021,BA,2147.4,1008.6900456621005,,25.592511415525113,26.4,20.5,25.13857305936073,26.7,15.3,5.029372146118722,4.9
2022,BA,1915.6,1008.5691438356164,,25.565559360730592,25.9,20.1,25.107853881278537,27.0,15.4,4.98181506849315,5.0
2023,BA,1530.4,1008.8871859296481,,26.035347190497944,26.2,20.7,25.55825719506624,27.4,14.8,4.800502512562813,4.6
2003,MA,-14396752.8,-955.6255940594059,2829.3689356435643,-1763.6722648514851,26.2,-9999.0,-1764.0584777227723,26.7,-9999.0,-1780.7732425742574,6.3
2004,MA,-13886372.8,-734.6565915300547,3484.817850637523,-1558.4687044626594,26.3,-9999.0,-1558.8429644808743,26.7,-9999.0,-1576.043089708561,6.4
2005,MA,-19696672.4,-1469.6532534246576,2718.952511415525,-2227.4488470319634,26.3,-9999.0,-2227.737922374429,27.1,-9999.0,-2243.99901826484,6.3
2006,MA,-17206840.4,-1112.530570776256,2438.8570776255706,-1902.6379566210046,26.0,-9999.0,-1902.938687214612,26.2,-9999.0,-7165.824589041095,5.5
2007,MA,-31085214.0,-2900.071894977169,-1438.0436073059361,-3531.439383561644,26.7,-9999.0,-3551.1227511415527,27.4,-9999.0,-9385.583744292237,5.1
2008,MA,-12816713.0,-601.4951388888888,-4167.565573770492,-1436.4683515482695,25.8,-9999.0,-1479.0193078324226,27.1,-9999.0,-1509.5783356102004,5.6
2009,MA,-12096395.0,-514.8974200913242,-4230.555251141553,-1358.1118835616437,26.0,-9999.0,-1397.3357762557077,26.8,-9999.0,-1420.9873059360732,5.8
2010,MA,-11387295.0,-426.0208789954338,-4340.109817351598,-1276.1927397260274,27.1,-9999.0,-1368.0714041095891,28.0,-9999.0,-1398.225091324201,5.1
2011,MA,-25825540.0,-2239.901997716895,-5281.446689497717,-2929.4044977168946,29.3,-9999.0,-3000.619429223744,29.8,-9999.0,-3027.9079109589043,5.4
2012,MA,-29306488.4,1001.5461862477231,-4079.3214936247723,23.551423041894356,29.6,-9999.0,23.189628870673953,30.0,-9999.0,2.786441256830601,5.7
2013,MA,-29876372.6,597.0080821917808,-4008.1447488584477,-344.7988584474886,31.8,-9999.0,-356.67174657534247,31.8,-9999.0,-381.0785502283105,5.6
2014,MA,-11217217.2,47.29915525114155,-4448.842922374429,-846.5467237442922,27.3,-9999.0,-848.134109589041,27.5,-9999.0,-867.0043378995434,5.6
2015,MA,-48550.8,999.7476826484018,-4008.3946347031965,21.342157534246574,26.4,-9999.0,20.89562785388128,27.2,-9999.0,0.407214611872146,5.7
2016,MA,-28507.8,1003.3524134790528,-3874.4882741347906,25.050273224043718,26.6,-9999.0,24.676104280510017,27.2,-9999.0,3.5454234972677594,5.3
2017,MA,-8627013.6,-76.14319634703196,-3239.687100456621,-958.3907534246575,27.2,-9999.0,-965.614600456621,27.5,-9999.0,-995.1632305936073,5.4
2018,MA,-477705.2,946.781095890411,-3932.4961187214612,-27.25050228310502,26.3,-9999.0,-32.193059360730594,26.9,-9999.0,-56.49708904109589,5.3
2019,MA,1868.2,1005.9327714427367,1464.4920241049274,26.909345562716908,26.7,22.4,26.542409158785464,27.5,18.2,4.778274959491462,5.2
2020,MA,0.0,1005.6924732407198,,26.885094511500796,27.1,21.9,26.517023457071282,27.3,17.9,5.0535527214757465,5.2
2021,MA,0.0,1005.3770004572474,,26.91539780521262,27.9,21.9,26.568461362597166,28.4,17.1,5.307213077274806,5.0
2022,MA,1163.0,1005.3965485714286,,26.29022857142857,26.0,21.9,25.94578285714286,26.2,16.4,5.034,4.9
2023,MA,1813.4,1005.7042137718397,,26.46635834189791,26.1,20.9,26.127075482471163,27.1,17.3,5.395146739751056,5.0
2006,SP,-149244.0,883.321372651357,-3707.68259394572,-19.396163883089773,21.6,-9999.0,-22.47419102296451,21.9,-9999.0,-36.15245302713988,9.2
2007,SP,-228437.6,898.15350456621,-4031.728778538813,-5.965662100456621,21.7,-9999.0,-6.441255707762557,21.8,-9999.0,-21.188356164383563,7.8
2008,SP,-1178321.0,779.7375113843351,-4121.670173041894,-141.2191826047359,20.2,-9999.0,-142.81157786885245,20.9,-9999.0,-131.5326388888889,7.0
2009,SP,-248010.6,895.0899657534246,-4037.585194063927,-8.383287671232877,21.8,-9999.0,-8.839817351598175,22.0,-9999.0,-24.112511415525116,9.5
2010,SP,-98156.4,914.2714497716895,-3973.6842465753425,-165.15649543378996,25.4,-9999.0,5.943949771689498,26.5,-9999.0,-9.240753424657534,8.1
2011,SP,-228323.8,897.7926826484019,-4018.0312100456617,-6.459292237442923,22.5,-9999.0,-6.957454337899544,23.4,-9999.0,-21.95640410958904,8.4
2012,SP,-378133.2,879.8405623861566,-3967.267429417122,-22.834301001821494,23.3,-9999.0,-23.33332194899818,23.5,-9999.0,-38.23957194899818,8.1
2013,SP,-458594.4,869.6719292237442,-3990.703812785388,-32.68478310502283,22.2,-9999.0,-34.307979452054795,22.2,-9999.0,-48.34171232876712,10.5
2014,SP,-2038575.4,673.0839155251141,-4079.749805936073,-212.26147260273973,22.0,-9999.0,-212.78503424657532,22.7,-9999.0,-228.6641666666667,7.4
2015,SP,1890.6,927.3365753424658,-3992.6200799086755,21.078367579908676,22.3,11.2,20.586061643835617,22.8,-2.6,5.339520547945205,8.3
2016,SP,-658419.6,845.2551684881603,-4056.519922586521,-56.084540072859745,21.4,-9999.0,-57.73287795992714,22.3,-9999.0,-69.70200364298725,8.5
2017,SP,-728307.4,836.5456392694064,-4052.9571118721456,-63.03738584474886,20.9,-9999.0,-64.6823401826484,21.2,-9999.0,-78.94642694063927,9.1
2018,SP,-28816.2,927.1832077625571,-3991.1980936073055,20.45414383561644,21.5,9.3,19.953150684931508,21.7,-4.1,5.377237442922374,8.2
2019,SP,1752.2,927.4779794520548,1364.2001308044473,21.0448401826484,21.3,6.8,20.522682648401826,21.8,0.3,5.20527397260274,10.9
2020,SP,1730.8,927.2291244449506,,20.474177388136173,21.5,8.4,19.938665604007742,21.7,-2.2,5.341398155527724,7.6
2021,SP,1205.2,926.9216919739696,,20.08324009590136,21.8,4.5,19.546866080602808,22.4,-7.4,3.7048064847585342,7.2
2022,SP,1470.8,926.7451369863014,,19.977659817351597,21.7,7.3,19.460833333333333,21.8,-5.6,5.434965753424658,8.4
2023,SP,1743.6,926.8761581656528,,21.1873069723912,21.3,9.8,20.652832397003746,23.0,-2.1,5.324063670411985,8.0
2006,ES,-549409.6,603.9891891891892,-3841.4993918918917,-347.7145945945946,24.1,-9999.0,-348.1423648648649,24.7,-9999.0,-365.8172972972973,6.2
2007,ES,-129178.0,999.7357191780823,-3878.6679337899545,9.328070776255707,25.3,-9999.0,8.810251141552511,25.7,-9999.0,-9.502591324200912,6.5
2008,ES,-818409.8,912.499487704918,-251.26944444444442,-69.64660746812386,25.1,-9999.0,-70.146322859745,25.8,-9999.0,-88.25026183970857,6.0
2009,ES,-198075.0,989.6661643835616,-3870.785171232877,1.7400228310502281,24.9,-9999.0,1.2371689497716898,25.0,-9999.0,-19.841495433789955,19.1
2010,ES,-38566.2,1010.4873858447488,-3890.5619977168953,19.69101598173516,25.9,-9999.0,19.170171232876715,26.9,-9999.0,0.6663470319634703,5.9
2011,ES,-128255.0,999.2552625570776,-3927.3903767123293,8.760730593607306,24.6,-9999.0,8.27384703196347,25.9,-9999.0,-10.869851598173515,6.1
2012,ES,-108127.0,1002.5076275045537,-3919.238900273224,11.545605646630237,24.0,-9999.0,9.89656193078324,25.0,-9999.0,-9.630475865209473,6.0
2013,ES,-227770.0,987.0454680365298,-3937.3486301369862,-2.346392694063927,25.1,-9999.0,-5.142716894977169,25.8,-9999.0,-25.848915525114155,6.1
2014,ES,-1878702.2,780.3997374429224,-3997.3928082191783,-190.8599200913242,24.8,-9999.0,-193.67674657534246,25.5,-9999.0,-218.64851598173516,5.5
2015,ES,-6098606.2,249.20366438356166,-4240.261267123288,-672.8839840182649,25.8,-9999.0,-676.8242579908676,25.8,-9999.0,-695.7566666666667,6.7
2016,ES,-8978.6,1015.0928506375227,-3874.1862363387977,23.628028233151184,25.9,-9999.0,23.23483606557377,26.1,-9999.0,2.825478142076503,5.8
2017,ES,-818693.8,915.240091324201,-3918.650479452055,-68.70353881278538,25.5,-9999.0,-71.50143835616439,26.1,-9999.0,-90.90819634703197,5.5
2018,ES,-168186.2,994.7024657534246,-2018.7747146118722,4.787340182648402,26.4,-9999.0,3.1387214611872145,26.6,-9999.0,-18.19925799086758,5.4
2019,ES,1523.2,1016.3195797737242,771.0468692236599,24.83454167628723,25.8,13.7,24.29918023322942,26.1,7.2,4.775,5.3
2020,ES,1012.4,1014.9679922234005,,25.0920820077766,25.0,15.9,24.559843638948113,25.8,7.6,5.050463127894549,5.1
2021,ES,1423.2,1015.9635451940609,,23.790961187809327,24.4,13.7,23.256649732968604,25.2,7.4,4.6644736842105265,5.2
2022,ES,1155.0,1015.8470884860128,,24.07115754082613,24.8,12.3,23.53488344148041,26.8,2.2,4.817896634615384,5.6
2023,ES,1117.2,1015.8520590253945,,24.902013499599587,26.7,14.8,24.412484265934317,27.5,9.2,4.760592880851552,4.9
